path,kind,bytes,sha256,width_px,height_px,pages
slides/cei-moral-psychology-results-deck.pdf,pdf,1608272,f45c7d12be94a36210c283ba6d26aa8083fa10849cb6fe5049f495703ec31018,,,8
slides/rendered/slide-01.png,png,145855,0e477a09d6bf73cded7cd36c613ff6902fcdc1054e198b358ed041e69d6b5e5b,2560,1440,1
slides/rendered/slide-02.png,png,261509,e7614ed6a2f286c81ccb715f0ef4bffd7f888e0457ad3fa716442b14a573e5d9,2560,1440,1
slides/rendered/slide-03.png,png,239985,9f1e0aad517b20d5d035deaaee2f1c8d3772dc33e42bb6f850c00f8e2762f3c4,2560,1440,1
slides/rendered/slide-04.png,png,160375,d3c3b4cdca783029cd77e54ae18354aef5bdeab2e9619e115529a96c8763b74d,2560,1440,1
slides/rendered/slide-05.png,png,181178,d906da904d0be195536b3a36dd881a857b76676298a2244b84fce161781eb1fb,2560,1440,1
slides/rendered/slide-06.png,png,232554,19e77e805104181a286f93348dd711c1c5deef7c327cc950d7772bbe39c8334e,2560,1440,1
slides/rendered/slide-07.png,png,259472,11897fc0fba726d62cc60377ef3399bc770416d8537584de9d763a9343cfa8c6,2560,1440,1
slides/rendered/slide-08.png,png,213440,179eca7bda4bbf30211fc0611a3d71b6baf99c93e2519ccb0dcccef4ac143011,2560,1440,1
