model,family,size_tier,release_period,grid,benchmark,task,metric,score,samples,estimated_input_tokens,estimated_max_output_tokens,estimated_cost_usd,input_price_per_m,output_price_per_m,reasoning_cost_control,replication_status,run_status,log_path,metric_observed,completed_samples,total_samples,input_tokens_actual,output_tokens_actual,reasoning_tokens_actual,actual_cost_usd,actual_cost_method,error
qwen/qwen3-8b,Qwen,S/8B,2025-Q2,within-family scaling,UniMoral,unimoral_action_prediction,accuracy,0.6490209471766849,8784,1721258,562176,0.310933,0.05,0.4,default /no_think prefix + reasoning.effort=none at run time,Benchmark-faithful task; paper model roster only partially available in current grid.,success,results/openrouter-selected-grid-moral-psych-full/logs/qwen__qwen3-8b/unimoral_action_prediction/2026-05-28T00-25-37-00-00_unimoral-action-prediction_NFxrb2XQrNWv5AHpxBFCPt.eval,accuracy,8784,8784,2728591,43965,0,0.154016,input + output + reasoning tokens at OpenRouter metadata rates,
qwen/qwen3-8b,Qwen,S/8B,2025-Q2,within-family scaling,UniMoral,unimoral_moral_typology,accuracy,0.563573883161512,3492,846863,1787904,0.757505,0.05,0.4,default /no_think prefix + reasoning.effort=none at run time,"Benchmark-faithful task; paper reports weighted F1, so score scale differs unless post-processed.",success,results/openrouter-selected-grid-moral-psych-full/logs/qwen__qwen3-8b/unimoral_moral_typology/2026-05-28T00-37-19-00-00_unimoral-moral-typology_5RZhXpsUPXUXeHa7f4dvxe.eval,accuracy,3492,3492,1270150,24331,0,0.073240,input + output + reasoning tokens at OpenRouter metadata rates,
qwen/qwen3-8b,Qwen,S/8B,2025-Q2,within-family scaling,UniMoral,unimoral_factor_attribution,accuracy,0.5538373424971363,3492,936335,1787904,0.761978,0.05,0.4,default /no_think prefix + reasoning.effort=none at run time,"Benchmark-faithful task; paper reports weighted F1, so score scale differs unless post-processed.",success,results/openrouter-selected-grid-moral-psych-full/logs/qwen__qwen3-8b/unimoral_factor_attribution/2026-05-28T00-41-04-00-00_unimoral-factor-attribution_aNTgc7ipNf6D9xXXQD22tU.eval,accuracy,3492,3492,1364467,19187,0,0.075898,input + output + reasoning tokens at OpenRouter metadata rates,
qwen/qwen3-8b,Qwen,S/8B,2025-Q2,within-family scaling,UniMoral,unimoral_consequence_generation,METEOR live scorer; BERTScore F1 is offline-only in the current release tooling,0.11282332928617327,1782,309888,912384,0.380448,0.05,0.4,default /no_think prefix + reasoning.effort=none at run time,Benchmark-faithful prompt route; BERTScore requires the offline release metric pass.,success,results/openrouter-selected-grid-moral-psych-full/logs/qwen__qwen3-8b/unimoral_consequence_generation/2026-05-28T00-44-47-00-00_unimoral-consequence-generation_6KCN9uDdezFYKs5DwSbmhV.eval,mean,1782,1782,497055,75650,0,0.055113,input + output + reasoning tokens at OpenRouter metadata rates,
qwen/qwen3-8b,Qwen,S/8B,2025-Q2,within-family scaling,ValuePrism,value_prism_relevance,accuracy,,43680,1428299,1048320,0.490743,0.05,0.4,default /no_think prefix + reasoning.effort=none at run time,Closest feasible prompt-classification route; not Kaleido model replication.,error,results/openrouter-selected-grid-moral-psych-full/logs/qwen__qwen3-8b/value_prism_relevance/2026-05-28T00-47-07-00-00_value-prism-relevance_P4CLzPtMDksnhDyymxoMtP.eval,,,,1115378,41303,0,0.072290,input + output + reasoning tokens at OpenRouter metadata rates,subprocess exited 2; see eval log
qwen/qwen3-8b,Qwen,S/8B,2025-Q2,within-family scaling,ValuePrism,value_prism_valence,accuracy,,21840,954173,698880,0.327261,0.05,0.4,default /no_think prefix + reasoning.effort=none at run time,Closest feasible prompt-classification route; not Kaleido model replication.,error,results/openrouter-selected-grid-moral-psych-full/logs/qwen__qwen3-8b/value_prism_valence/2026-05-28T01-07-57-00-00_value-prism-valence_9n3u2sT2ZaEdSTcTEtJkgR.eval,,,,681645,15214,0,0.040168,input + output + reasoning tokens at OpenRouter metadata rates,subprocess exited 2; see eval log
qwen/qwen3-8b,Qwen,S/8B,2025-Q2,within-family scaling,CCD-Bench,ccd_bench_selection,valid-choice coverage plus selected-cluster distribution; not accuracy,1.0,2182,761659,174560,0.107907,0.05,0.4,default /no_think prefix + reasoning.effort=none at run time,"Benchmark-faithful route for choice behavior; compare cluster shares, not correctness.",success,results/openrouter-selected-grid-moral-psych-full/logs/qwen__qwen3-8b/ccd_bench_selection/2026-05-28T01-16-53-00-00_ccd-bench-selection_HJER8SWZsoBrSmK2E6WUpf.eval,mean,2182,2182,807826,106424,0,0.082961,input + output + reasoning tokens at OpenRouter metadata rates,
qwen/qwen3-32b,Qwen,M/32B,2025-Q2,within-family scaling,UniMoral,unimoral_action_prediction,accuracy,0.4793943533697632,8784,1721258,562176,0.295110,0.08,0.28,default /no_think prefix + reasoning.effort=none at run time,Benchmark-faithful task; paper model roster only partially available in current grid.,success,results/openrouter-selected-grid-moral-psych-full/logs/qwen__qwen3-32b/unimoral_action_prediction/2026-05-28T01-20-06-00-00_unimoral-action-prediction_nktuAMNS32rN9i7opzNkiZ.eval,accuracy,8784,8784,2710386,71076,11566,0.239971,input + output + reasoning tokens at OpenRouter metadata rates,
qwen/qwen3-32b,Qwen,M/32B,2025-Q2,within-family scaling,UniMoral,unimoral_moral_typology,accuracy,0.5967926689576174,3492,846863,1787904,0.568362,0.08,0.28,default /no_think prefix + reasoning.effort=none at run time,"Benchmark-faithful task; paper reports weighted F1, so score scale differs unless post-processed.",success,results/openrouter-selected-grid-moral-psych-full/logs/qwen__qwen3-32b/unimoral_moral_typology/2026-05-28T01-32-22-00-00_unimoral-moral-typology_MALvWjhCtq8kp4ucUhZn23.eval,accuracy,3492,3492,1263104,33301,4393,0.111603,input + output + reasoning tokens at OpenRouter metadata rates,
qwen/qwen3-32b,Qwen,M/32B,2025-Q2,within-family scaling,UniMoral,unimoral_factor_attribution,accuracy,0.6073883161512027,3492,936335,1787904,0.575520,0.08,0.28,default /no_think prefix + reasoning.effort=none at run time,"Benchmark-faithful task; paper reports weighted F1, so score scale differs unless post-processed.",success,results/openrouter-selected-grid-moral-psych-full/logs/qwen__qwen3-32b/unimoral_factor_attribution/2026-05-28T01-35-04-00-00_unimoral-factor-attribution_79rnRB8NFvoc3oXCYGfsXY.eval,accuracy,3492,3492,1359252,30252,4353,0.118430,input + output + reasoning tokens at OpenRouter metadata rates,
qwen/qwen3-32b,Qwen,M/32B,2025-Q2,within-family scaling,UniMoral,unimoral_consequence_generation,METEOR live scorer; BERTScore F1 is offline-only in the current release tooling,0.1195117327084624,1782,309888,912384,0.280259,0.08,0.28,default /no_think prefix + reasoning.effort=none at run time,Benchmark-faithful prompt route; BERTScore requires the offline release metric pass.,success,results/openrouter-selected-grid-moral-psych-full/logs/qwen__qwen3-32b/unimoral_consequence_generation/2026-05-28T01-37-38-00-00_unimoral-consequence-generation_LEAA7R2iZ89mtKFpzTPLVy.eval,mean,1782,1782,493363,86470,2242,0.064308,input + output + reasoning tokens at OpenRouter metadata rates,
qwen/qwen3-32b,Qwen,M/32B,2025-Q2,within-family scaling,ValuePrism,value_prism_relevance,accuracy,0.6689102564102564,43680,1428299,1048320,0.407794,0.08,0.28,default /no_think prefix + reasoning.effort=none at run time,Closest feasible prompt-classification route; not Kaleido model replication.,success,results/openrouter-selected-grid-moral-psych-full/logs/qwen__qwen3-32b/value_prism_relevance/2026-05-28T01-40-12-00-00_value-prism-relevance_LADKVpfNmN2zyhmTZYxPdx.eval,accuracy,43680,43680,2090233,175117,54902,0.231624,input + output + reasoning tokens at OpenRouter metadata rates,
qwen/qwen3-32b,Qwen,M/32B,2025-Q2,within-family scaling,ValuePrism,value_prism_valence,accuracy,0.6367673992673992,21840,954173,698880,0.272020,0.08,0.28,default /no_think prefix + reasoning.effort=none at run time,Closest feasible prompt-classification route; not Kaleido model replication.,success,results/openrouter-selected-grid-moral-psych-full/logs/qwen__qwen3-32b/value_prism_valence/2026-05-28T02-02-25-00-00_value-prism-valence_6MYSzUd3wT5MjcrtQnuDf7.eval,accuracy,21840,21840,1285709,94564,27053,0.136909,input + output + reasoning tokens at OpenRouter metadata rates,
qwen/qwen3-32b,Qwen,M/32B,2025-Q2,within-family scaling,CCD-Bench,ccd_bench_selection,valid-choice coverage plus selected-cluster distribution; not accuracy,1.0,2182,761659,174560,0.109810,0.08,0.28,default /no_think prefix + reasoning.effort=none at run time,"Benchmark-faithful route for choice behavior; compare cluster shares, not correctness.",success,results/openrouter-selected-grid-moral-psych-full/logs/qwen__qwen3-32b/ccd_bench_selection/2026-05-28T02-12-25-00-00_ccd-bench-selection_EhWvwLHK6U8fYNrxk2oyDq.eval,mean,2182,2182,803214,116193,2866,0.097594,input + output + reasoning tokens at OpenRouter metadata rates,
qwen/qwen3-235b-a22b-2507,Qwen,L/MoE 235B-A22B,2025-Q3,within-family scaling,UniMoral,unimoral_action_prediction,accuracy,0.6342213114754098,8784,1721258,562176,0.178427,0.071,0.1,default /no_think prefix + reasoning.effort=none at run time,Benchmark-faithful task; paper model roster only partially available in current grid.,success,results/openrouter-selected-grid-moral-psych-full/logs/qwen__qwen3-235b-a22b-2507/unimoral_action_prediction/2026-05-28T02-15-50-00-00_unimoral-action-prediction_37JKMwkHxfks2WHQ8FhYt5.eval,accuracy,8784,8784,2740978,58526,0,0.200462,input + output + reasoning tokens at OpenRouter metadata rates,
qwen/qwen3-235b-a22b-2507,Qwen,L/MoE 235B-A22B,2025-Q3,within-family scaling,UniMoral,unimoral_moral_typology,accuracy,0.5211912943871707,3492,846863,1787904,0.238918,0.071,0.1,default /no_think prefix + reasoning.effort=none at run time,"Benchmark-faithful task; paper reports weighted F1, so score scale differs unless post-processed.",success,results/openrouter-selected-grid-moral-psych-full/logs/qwen__qwen3-235b-a22b-2507/unimoral_moral_typology/2026-05-28T02-25-33-00-00_unimoral-moral-typology_L3MkqdFTnfkWJ2P9VeKGxN.eval,accuracy,3492,3492,1274826,33261,0,0.093839,input + output + reasoning tokens at OpenRouter metadata rates,
qwen/qwen3-235b-a22b-2507,Qwen,L/MoE 235B-A22B,2025-Q3,within-family scaling,UniMoral,unimoral_factor_attribution,accuracy,0.563573883161512,3492,936335,1787904,0.245270,0.071,0.1,default /no_think prefix + reasoning.effort=none at run time,"Benchmark-faithful task; paper reports weighted F1, so score scale differs unless post-processed.",success,results/openrouter-selected-grid-moral-psych-full/logs/qwen__qwen3-235b-a22b-2507/unimoral_factor_attribution/2026-05-28T02-30-02-00-00_unimoral-factor-attribution_eYqhdNRMFPXVLE3QN8RpAX.eval,accuracy,3492,3492,1392524,21030,0,0.100972,input + output + reasoning tokens at OpenRouter metadata rates,
qwen/qwen3-235b-a22b-2507,Qwen,L/MoE 235B-A22B,2025-Q3,within-family scaling,UniMoral,unimoral_consequence_generation,METEOR live scorer; BERTScore F1 is offline-only in the current release tooling,0.13270194156533718,1782,309888,912384,0.113240,0.071,0.1,default /no_think prefix + reasoning.effort=none at run time,Benchmark-faithful prompt route; BERTScore requires the offline release metric pass.,success,results/openrouter-selected-grid-moral-psych-full/logs/qwen__qwen3-235b-a22b-2507/unimoral_consequence_generation/2026-05-28T02-33-13-00-00_unimoral-consequence-generation_YNKhqzu5ixqppae9MURcNg.eval,mean,1782,1782,507172,107946,0,0.046804,input + output + reasoning tokens at OpenRouter metadata rates,
qwen/qwen3-235b-a22b-2507,Qwen,L/MoE 235B-A22B,2025-Q3,within-family scaling,ValuePrism,value_prism_relevance,accuracy,0.6261904761904762,43680,1428299,1048320,0.206241,0.071,0.1,default /no_think prefix + reasoning.effort=none at run time,Closest feasible prompt-classification route; not Kaleido model replication.,success,results/openrouter-selected-grid-moral-psych-full/logs/qwen__qwen3-235b-a22b-2507/value_prism_relevance/2026-05-28T02-38-38-00-00_value-prism-relevance_PDmwUiFnGmHjvpmqjy2YjZ.eval,accuracy,43680,43680,2037331,290942,0,0.173745,input + output + reasoning tokens at OpenRouter metadata rates,
qwen/qwen3-235b-a22b-2507,Qwen,L/MoE 235B-A22B,2025-Q3,within-family scaling,ValuePrism,value_prism_valence,accuracy,,21840,954173,698880,0.137634,0.071,0.1,default /no_think prefix + reasoning.effort=none at run time,Closest feasible prompt-classification route; not Kaleido model replication.,cancelled,results/openrouter-selected-grid-moral-psych-full/logs/qwen__qwen3-235b-a22b-2507/value_prism_valence/2026-05-28T03-34-30-00-00_value-prism-valence_Ui9skMf6ZrY9gVcMgyBtvf.eval,,,,1020086,168692,0,0.089295,input + output + reasoning tokens at OpenRouter metadata rates,subprocess exited 2; see eval log
qwen/qwen3-235b-a22b-2507,Qwen,L/MoE 235B-A22B,2025-Q3,within-family scaling,CCD-Bench,ccd_bench_selection,valid-choice coverage plus selected-cluster distribution; not accuracy,,2182,761659,174560,0.071534,0.071,0.1,default /no_think prefix + reasoning.effort=none at run time,"Benchmark-faithful route for choice behavior; compare cluster shares, not correctness.",error,results/openrouter-selected-grid-moral-psych-full/logs/qwen__qwen3-235b-a22b-2507/ccd_bench_selection/2026-07-06T19-25-18-00-00_ccd-bench-selection_bS9nnB28zNY5asukPxDUit.eval,,,,479496,62657,0,0.040310,input + output + reasoning tokens at OpenRouter metadata rates,subprocess exited 2; OpenRouter returned 402 insufficient credits after partial progress; see eval log
google/gemma-3-4b-it,Gemma,S/4B,2025-Q1,within-family scaling,UniMoral,unimoral_action_prediction,accuracy,0.6344489981785064,8784,1721258,562176,0.113824,0.04,0.08,,Benchmark-faithful task; paper model roster only partially available in current grid.,success,results/openrouter-selected-grid-moral-psych-full/logs/google__gemma-3-4b-it/unimoral_action_prediction/2026-05-28T08-52-21-00-00_unimoral-action-prediction_DgWruvCr5T7VLP49EvQ2wy.eval,accuracy,8784,8784,1708074,53472,0,0.072601,input + output + reasoning tokens at OpenRouter metadata rates,
google/gemma-3-4b-it,Gemma,S/4B,2025-Q1,within-family scaling,UniMoral,unimoral_moral_typology,accuracy,0.5970790378006873,3492,846863,1787904,0.176907,0.04,0.08,,"Benchmark-faithful task; paper reports weighted F1, so score scale differs unless post-processed.",success,results/openrouter-selected-grid-moral-psych-full/logs/google__gemma-3-4b-it/unimoral_moral_typology/2026-05-28T08-57-03-00-00_unimoral-moral-typology_iapLXbStVHp9uqRtc3oNjA.eval,accuracy,3492,3492,849104,28354,0,0.036232,input + output + reasoning tokens at OpenRouter metadata rates,
google/gemma-3-4b-it,Gemma,S/4B,2025-Q1,within-family scaling,UniMoral,unimoral_factor_attribution,accuracy,0.5784650630011455,3492,936335,1787904,0.180486,0.04,0.08,,"Benchmark-faithful task; paper reports weighted F1, so score scale differs unless post-processed.",success,results/openrouter-selected-grid-moral-psych-full/logs/google__gemma-3-4b-it/unimoral_factor_attribution/2026-05-28T08-58-12-00-00_unimoral-factor-attribution_JQxLrxfFb8LwX8cKt4moFB.eval,accuracy,3492,3492,912362,15412,0,0.037727,input + output + reasoning tokens at OpenRouter metadata rates,
google/gemma-3-4b-it,Gemma,S/4B,2025-Q1,within-family scaling,UniMoral,unimoral_consequence_generation,METEOR live scorer; BERTScore F1 is offline-only in the current release tooling,0.0961731287001293,1782,309888,912384,0.085386,0.04,0.08,,Benchmark-faithful prompt route; BERTScore requires the offline release metric pass.,success,results/openrouter-selected-grid-moral-psych-full/logs/google__gemma-3-4b-it/unimoral_consequence_generation/2026-05-28T08-59-11-00-00_unimoral-consequence-generation_8Ko3XPng7h4oJ6X37jVKZH.eval,mean,1782,1782,309648,46737,0,0.016125,input + output + reasoning tokens at OpenRouter metadata rates,
google/gemma-3-4b-it,Gemma,S/4B,2025-Q1,within-family scaling,ValuePrism,value_prism_relevance,accuracy,0.6061355311355311,43680,1428299,1048320,0.140998,0.04,0.08,,Closest feasible prompt-classification route; not Kaleido model replication.,success,results/openrouter-selected-grid-moral-psych-full/logs/google__gemma-3-4b-it/value_prism_relevance/2026-05-28T09-00-12-00-00_value-prism-relevance_TuSNtUhxufSG6WWWEbXzfK.eval,accuracy,43680,43680,1829798,131050,0,0.083676,input + output + reasoning tokens at OpenRouter metadata rates,
google/gemma-3-4b-it,Gemma,S/4B,2025-Q1,within-family scaling,ValuePrism,value_prism_valence,accuracy,0.5785256410256411,21840,954173,698880,0.094077,0.04,0.08,,Closest feasible prompt-classification route; not Kaleido model replication.,success,results/openrouter-selected-grid-moral-psych-full/logs/google__gemma-3-4b-it/value_prism_valence/2026-05-28T09-14-21-00-00_value-prism-valence_6aVcJriRuVakc8qCxe3h6b.eval,accuracy,21840,21840,1154977,69114,0,0.051728,input + output + reasoning tokens at OpenRouter metadata rates,
google/gemma-3-4b-it,Gemma,S/4B,2025-Q1,within-family scaling,CCD-Bench,ccd_bench_selection,valid-choice coverage plus selected-cluster distribution; not accuracy,1.0,2182,761659,174560,0.044431,0.04,0.08,,"Benchmark-faithful route for choice behavior; compare cluster shares, not correctness.",success,results/openrouter-selected-grid-moral-psych-full/logs/google__gemma-3-4b-it/ccd_bench_selection/2026-05-28T09-22-41-00-00_ccd-bench-selection_X7GAYZWGmqMQbqUZmW4UMG.eval,mean,2182,2182,829811,131137,0,0.043683,input + output + reasoning tokens at OpenRouter metadata rates,
google/gemma-3-12b-it,Gemma,M/12B,2025-Q1,within-family scaling,UniMoral,unimoral_action_prediction,accuracy,0.6606329690346083,8784,1721258,562176,0.141933,0.04,0.13,,Benchmark-faithful task; paper model roster only partially available in current grid.,success,results/openrouter-selected-grid-moral-psych-full/logs/google__gemma-3-12b-it/unimoral_action_prediction/2026-05-28T09-25-28-00-00_unimoral-action-prediction_MQWyeVnA76EjNTHjMp3Us8.eval,accuracy,8784,8784,1708119,52649,0,0.075169,input + output + reasoning tokens at OpenRouter metadata rates,
google/gemma-3-12b-it,Gemma,M/12B,2025-Q1,within-family scaling,UniMoral,unimoral_moral_typology,accuracy,0.5790378006872853,3492,846863,1787904,0.266302,0.04,0.13,,"Benchmark-faithful task; paper reports weighted F1, so score scale differs unless post-processed.",success,results/openrouter-selected-grid-moral-psych-full/logs/google__gemma-3-12b-it/unimoral_moral_typology/2026-05-28T09-28-09-00-00_unimoral-moral-typology_2vcm4SeWABpwvLw9J8RuVS.eval,accuracy,3492,3492,849125,31652,0,0.038080,input + output + reasoning tokens at OpenRouter metadata rates,
google/gemma-3-12b-it,Gemma,M/12B,2025-Q1,within-family scaling,UniMoral,unimoral_factor_attribution,accuracy,0.6005154639175257,3492,936335,1787904,0.269881,0.04,0.13,,"Benchmark-faithful task; paper reports weighted F1, so score scale differs unless post-processed.",success,results/openrouter-selected-grid-moral-psych-full/logs/google__gemma-3-12b-it/unimoral_factor_attribution/2026-05-28T09-29-25-00-00_unimoral-factor-attribution_HLfB7RHWEZnSUQR2yGZ94i.eval,accuracy,3492,3492,912362,23318,0,0.039526,input + output + reasoning tokens at OpenRouter metadata rates,
google/gemma-3-12b-it,Gemma,M/12B,2025-Q1,within-family scaling,UniMoral,unimoral_consequence_generation,METEOR live scorer; BERTScore F1 is offline-only in the current release tooling,0.10037282344179461,1782,309888,912384,0.131005,0.04,0.13,,Benchmark-faithful prompt route; BERTScore requires the offline release metric pass.,success,results/openrouter-selected-grid-moral-psych-full/logs/google__gemma-3-12b-it/unimoral_consequence_generation/2026-05-28T09-30-39-00-00_unimoral-consequence-generation_3ZTnWHeY3y9TLZCxzbH5vQ.eval,mean,1782,1782,309648,51443,0,0.019074,input + output + reasoning tokens at OpenRouter metadata rates,
google/gemma-3-12b-it,Gemma,M/12B,2025-Q1,within-family scaling,ValuePrism,value_prism_relevance,accuracy,0.6757326007326008,43680,1428299,1048320,0.193414,0.04,0.13,,Closest feasible prompt-classification route; not Kaleido model replication.,success,results/openrouter-selected-grid-moral-psych-full/logs/google__gemma-3-12b-it/value_prism_relevance/2026-05-28T09-32-02-00-00_value-prism-relevance_LEuC7uFG8Pe9jB5HstifPQ.eval,accuracy,43680,43680,1948986,129292,0,0.094767,input + output + reasoning tokens at OpenRouter metadata rates,
google/gemma-3-12b-it,Gemma,M/12B,2025-Q1,within-family scaling,ValuePrism,value_prism_valence,accuracy,,21840,954173,698880,0.129021,0.04,0.13,,Closest feasible prompt-classification route; not Kaleido model replication.,cancelled,results/openrouter-selected-grid-moral-psych-full/logs/google__gemma-3-12b-it/value_prism_valence/2026-05-28T09-44-42-00-00_value-prism-valence_eaHT7mToR5ACTjTScuz66C.eval,,,,541170,28326,0,0.025329,input + output + reasoning tokens at OpenRouter metadata rates,subprocess exited 2; see eval log
google/gemma-3-12b-it,Gemma,M/12B,2025-Q1,within-family scaling,CCD-Bench,ccd_bench_selection,valid-choice coverage plus selected-cluster distribution; not accuracy,1.0,2182,761659,174560,0.053159,0.04,0.13,,"Benchmark-faithful route for choice behavior; compare cluster shares, not correctness.",success,results/openrouter-selected-grid-moral-psych-full/logs/google__gemma-3-12b-it/ccd_bench_selection/2026-05-28T10-25-03-00-00_ccd-bench-selection_JU5BiUXrwGkDyEMDBZTHns.eval,mean,2182,2182,829811,113766,0,0.047982,input + output + reasoning tokens at OpenRouter metadata rates,
google/gemma-3-27b-it,Gemma,L/27B,2025-Q1,within-family scaling,UniMoral,unimoral_action_prediction,accuracy,0.6466302367941712,8784,1721258,562176,0.227649,0.08,0.16,,Benchmark-faithful task; paper model roster only partially available in current grid.,success,results/openrouter-selected-grid-moral-psych-full/logs/google__gemma-3-27b-it/unimoral_action_prediction/2026-05-28T10-27-48-00-00_unimoral-action-prediction_2w2mWVbEMoaeCMPZces5jh.eval,accuracy,8784,8784,1610728,59889,0,0.138440,input + output + reasoning tokens at OpenRouter metadata rates,
google/gemma-3-27b-it,Gemma,L/27B,2025-Q1,within-family scaling,UniMoral,unimoral_moral_typology,accuracy,0.5701603665521191,3492,846863,1787904,0.353814,0.08,0.16,,"Benchmark-faithful task; paper reports weighted F1, so score scale differs unless post-processed.",success,results/openrouter-selected-grid-moral-psych-full/logs/google__gemma-3-27b-it/unimoral_moral_typology/2026-05-28T10-33-50-00-00_unimoral-moral-typology_ZJAuKSkEqbT9ywRdZz9noJ.eval,accuracy,3492,3492,808714,33102,0,0.069993,input + output + reasoning tokens at OpenRouter metadata rates,
google/gemma-3-27b-it,Gemma,L/27B,2025-Q1,within-family scaling,UniMoral,unimoral_factor_attribution,accuracy,0.6125429553264605,3492,936335,1787904,0.360971,0.08,0.16,,"Benchmark-faithful task; paper reports weighted F1, so score scale differs unless post-processed.",success,results/openrouter-selected-grid-moral-psych-full/logs/google__gemma-3-27b-it/unimoral_factor_attribution/2026-05-28T10-36-40-00-00_unimoral-factor-attribution_CNaf2jN7LyiDrVJHDUewR3.eval,accuracy,3492,3492,871764,24302,0,0.073629,input + output + reasoning tokens at OpenRouter metadata rates,
google/gemma-3-27b-it,Gemma,L/27B,2025-Q1,within-family scaling,UniMoral,unimoral_consequence_generation,METEOR live scorer; BERTScore F1 is offline-only in the current release tooling,0.09153179394598114,1782,309888,912384,0.170772,0.08,0.16,,Benchmark-faithful prompt route; BERTScore requires the offline release metric pass.,success,results/openrouter-selected-grid-moral-psych-full/logs/google__gemma-3-27b-it/unimoral_consequence_generation/2026-05-28T10-39-25-00-00_unimoral-consequence-generation_hKTGSSL9AV487YQTkNqbMh.eval,mean,1782,1782,302948,55567,0,0.033127,input + output + reasoning tokens at OpenRouter metadata rates,
google/gemma-3-27b-it,Gemma,L/27B,2025-Q1,within-family scaling,ValuePrism,value_prism_relevance,accuracy,0.6546932234432234,43680,1428299,1048320,0.281995,0.08,0.16,,Closest feasible prompt-classification route; not Kaleido model replication.,success,results/openrouter-selected-grid-moral-psych-full/logs/google__gemma-3-27b-it/value_prism_relevance/2026-05-28T10-42-36-00-00_value-prism-relevance_F22Pjn6xGBB9fTdgkTtoxw.eval,accuracy,43680,43680,1724777,185436,0,0.167652,input + output + reasoning tokens at OpenRouter metadata rates,
google/gemma-3-27b-it,Gemma,L/27B,2025-Q1,within-family scaling,ValuePrism,value_prism_valence,accuracy,,21840,954173,698880,0.188155,0.08,0.16,,Closest feasible prompt-classification route; not Kaleido model replication.,cancelled,results/openrouter-selected-grid-moral-psych-full/logs/google__gemma-3-27b-it/value_prism_valence/2026-05-28T11-03-56-00-00_value-prism-valence_XFR6LXsUiu5eq2okUPWT69.eval,,,,519104,248078,0,0.081221,input + output + reasoning tokens at OpenRouter metadata rates,subprocess exited 2; see eval log
google/gemma-3-27b-it,Gemma,L/27B,2025-Q1,within-family scaling,CCD-Bench,ccd_bench_selection,valid-choice coverage plus selected-cluster distribution; not accuracy,1.0,2182,761659,174560,0.088862,0.08,0.16,,"Benchmark-faithful route for choice behavior; compare cluster shares, not correctness.",success,results/openrouter-selected-grid-moral-psych-full/logs/google__gemma-3-27b-it/ccd_bench_selection/2026-05-28T11-31-10-00-00_ccd-bench-selection_JnAc5bns5iMCT2SiFm349d.eval,mean,2182,2182,763293,119539,0,0.080190,input + output + reasoning tokens at OpenRouter metadata rates,
meta-llama/llama-3.2-3b-instruct,Llama,S/3B,2024-Q3,within-family scaling,UniMoral,unimoral_action_prediction,accuracy,0.6247723132969034,8784,1721258,562176,0.275941,0.0509,0.335,,Benchmark-faithful task; paper model roster only partially available in current grid.,success,results/openrouter-selected-grid-moral-psych-full/logs/meta-llama__llama-3.2-3b-instruct/unimoral_action_prediction/2026-05-28T11-35-29-00-00_unimoral-action-prediction_ZBeRiKjZ7xp5VpNkyfe38j.eval,accuracy,8784,8784,2467336,53596,0,0.143542,input + output + reasoning tokens at OpenRouter metadata rates,
meta-llama/llama-3.2-3b-instruct,Llama,S/3B,2024-Q3,within-family scaling,UniMoral,unimoral_moral_typology,accuracy,0.5214776632302406,3492,846863,1787904,0.642053,0.0509,0.335,,"Benchmark-faithful task; paper reports weighted F1, so score scale differs unless post-processed.",success,results/openrouter-selected-grid-moral-psych-full/logs/meta-llama__llama-3.2-3b-instruct/unimoral_moral_typology/2026-05-28T11-43-32-00-00_unimoral-moral-typology_7Er3gKVTDVAYPC9RXBuctf.eval,accuracy,3492,3492,1156238,44983,0,0.073922,input + output + reasoning tokens at OpenRouter metadata rates,
meta-llama/llama-3.2-3b-instruct,Llama,S/3B,2024-Q3,within-family scaling,UniMoral,unimoral_factor_attribution,accuracy,0.606815578465063,3492,936335,1787904,0.646607,0.0509,0.335,,"Benchmark-faithful task; paper reports weighted F1, so score scale differs unless post-processed.",success,results/openrouter-selected-grid-moral-psych-full/logs/meta-llama__llama-3.2-3b-instruct/unimoral_factor_attribution/2026-05-28T11-45-36-00-00_unimoral-factor-attribution_3FiXXWtYqqQyL8wYV7hRCd.eval,accuracy,3492,3492,1251266,28328,0,0.073179,input + output + reasoning tokens at OpenRouter metadata rates,
meta-llama/llama-3.2-3b-instruct,Llama,S/3B,2024-Q3,within-family scaling,UniMoral,unimoral_consequence_generation,METEOR live scorer; BERTScore F1 is offline-only in the current release tooling,0.12833579579109364,1782,309888,912384,0.321422,0.0509,0.335,,Benchmark-faithful prompt route; BERTScore requires the offline release metric pass.,success,results/openrouter-selected-grid-moral-psych-full/logs/meta-llama__llama-3.2-3b-instruct/unimoral_consequence_generation/2026-05-28T11-47-08-00-00_unimoral-consequence-generation_6yVoDqBgXGqUrwd3doRSP6.eval,mean,1782,1782,451102,109858,0,0.059764,input + output + reasoning tokens at OpenRouter metadata rates,
meta-llama/llama-3.2-3b-instruct,Llama,S/3B,2024-Q3,within-family scaling,ValuePrism,value_prism_relevance,accuracy,0.6243360805860806,43680,1428299,1048320,0.423888,0.0509,0.335,,Closest feasible prompt-classification route; not Kaleido model replication.,success,results/openrouter-selected-grid-moral-psych-full/logs/meta-llama__llama-3.2-3b-instruct/value_prism_relevance/2026-05-28T11-48-07-00-00_value-prism-relevance_5BQTuaA4o4yZSovAAAe7oT.eval,accuracy,43680,43680,3006813,109073,0,0.189586,input + output + reasoning tokens at OpenRouter metadata rates,
meta-llama/llama-3.2-3b-instruct,Llama,S/3B,2024-Q3,within-family scaling,ValuePrism,value_prism_valence,accuracy,0.4649725274725275,21840,954173,698880,0.282692,0.0509,0.335,,Closest feasible prompt-classification route; not Kaleido model replication.,success,results/openrouter-selected-grid-moral-psych-full/logs/meta-llama__llama-3.2-3b-instruct/value_prism_valence/2026-05-28T12-08-05-00-00_value-prism-valence_Db2MFx6Dudh4vfV6AJVHYn.eval,accuracy,21840,21840,1743526,66665,0,0.111078,input + output + reasoning tokens at OpenRouter metadata rates,
meta-llama/llama-3.2-3b-instruct,Llama,S/3B,2024-Q3,within-family scaling,CCD-Bench,ccd_bench_selection,valid-choice coverage plus selected-cluster distribution; not accuracy,1.0,2182,761659,174560,0.097246,0.0509,0.335,,"Benchmark-faithful route for choice behavior; compare cluster shares, not correctness.",success,results/openrouter-selected-grid-moral-psych-full/logs/meta-llama__llama-3.2-3b-instruct/ccd_bench_selection/2026-07-06T19-25-18-00-00_ccd-bench-selection_EyLrAT4Cnp4zBoxeEFXSrh.eval,mean,2182,2182,781922,121980,0,0.080663,input + output + reasoning tokens at OpenRouter metadata rates,
meta-llama/llama-3.1-8b-instruct,Llama,M/8B,2024-Q3,within-family scaling,UniMoral,unimoral_action_prediction,accuracy,0.6287568306010929,8784,1721258,562176,0.062534,0.02,0.05,,Benchmark-faithful task; paper model roster only partially available in current grid.,success,results/openrouter-selected-grid-moral-psych-full/logs/meta-llama__llama-3.1-8b-instruct/unimoral_action_prediction/2026-05-28T12-32-49-00-00_unimoral-action-prediction_gdb7FdxYjGhbdzfT7Dzfx6.eval,accuracy,8784,8784,2266490,55284,0,0.048094,input + output + reasoning tokens at OpenRouter metadata rates,
meta-llama/llama-3.1-8b-instruct,Llama,M/8B,2024-Q3,within-family scaling,UniMoral,unimoral_moral_typology,accuracy,0.5950744558991982,3492,846863,1787904,0.106332,0.02,0.05,,"Benchmark-faithful task; paper reports weighted F1, so score scale differs unless post-processed.",success,results/openrouter-selected-grid-moral-psych-full/logs/meta-llama__llama-3.1-8b-instruct/unimoral_moral_typology/2026-05-28T12-36-09-00-00_unimoral-moral-typology_bgQhYrmM7eqnDLD2bo2wNf.eval,accuracy,3492,3492,1080130,27878,0,0.022996,input + output + reasoning tokens at OpenRouter metadata rates,
meta-llama/llama-3.1-8b-instruct,Llama,M/8B,2024-Q3,within-family scaling,UniMoral,unimoral_factor_attribution,accuracy,0.599942726231386,3492,936335,1787904,0.108122,0.02,0.05,,"Benchmark-faithful task; paper reports weighted F1, so score scale differs unless post-processed.",success,results/openrouter-selected-grid-moral-psych-full/logs/meta-llama__llama-3.1-8b-instruct/unimoral_factor_attribution/2026-05-28T12-37-41-00-00_unimoral-factor-attribution_BZBvCgd645m3gsR7CtQhhe.eval,accuracy,3492,3492,1169044,26427,0,0.024702,input + output + reasoning tokens at OpenRouter metadata rates,
meta-llama/llama-3.1-8b-instruct,Llama,M/8B,2024-Q3,within-family scaling,UniMoral,unimoral_consequence_generation,METEOR live scorer; BERTScore F1 is offline-only in the current release tooling,0.1246885571986021,1782,309888,912384,0.051817,0.02,0.05,,Benchmark-faithful prompt route; BERTScore requires the offline release metric pass.,success,results/openrouter-selected-grid-moral-psych-full/logs/meta-llama__llama-3.1-8b-instruct/unimoral_consequence_generation/2026-05-28T12-39-18-00-00_unimoral-consequence-generation_Ji867nzHES3wA4gxkVoCjk.eval,mean,1782,1782,411037,66423,0,0.011542,input + output + reasoning tokens at OpenRouter metadata rates,
meta-llama/llama-3.1-8b-instruct,Llama,M/8B,2024-Q3,within-family scaling,ValuePrism,value_prism_relevance,accuracy,0.6415064102564103,43680,1428299,1048320,0.080982,0.02,0.05,,Closest feasible prompt-classification route; not Kaleido model replication.,success,results/openrouter-selected-grid-moral-psych-full/logs/meta-llama__llama-3.1-8b-instruct/value_prism_relevance/2026-05-28T12-40-58-00-00_value-prism-relevance_82HuBCSJwvRRp7KsZPiG5r.eval,accuracy,43680,43680,2019400,90746,0,0.044925,input + output + reasoning tokens at OpenRouter metadata rates,
meta-llama/llama-3.1-8b-instruct,Llama,M/8B,2024-Q3,within-family scaling,ValuePrism,value_prism_valence,accuracy,0.3846611721611722,21840,954173,698880,0.054027,0.02,0.05,,Closest feasible prompt-classification route; not Kaleido model replication.,success,results/openrouter-selected-grid-moral-psych-full/logs/meta-llama__llama-3.1-8b-instruct/value_prism_valence/2026-05-28T12-53-40-00-00_value-prism-valence_ntp2zhQwY9nJQUMvm9C6m3.eval,accuracy,21840,21840,1253662,65689,0,0.028358,input + output + reasoning tokens at OpenRouter metadata rates,
meta-llama/llama-3.1-8b-instruct,Llama,M/8B,2024-Q3,within-family scaling,CCD-Bench,ccd_bench_selection,valid-choice coverage plus selected-cluster distribution; not accuracy,1.0,2182,761659,174560,0.023961,0.02,0.05,,"Benchmark-faithful route for choice behavior; compare cluster shares, not correctness.",success,results/openrouter-selected-grid-moral-psych-full/logs/meta-llama__llama-3.1-8b-instruct/ccd_bench_selection/2026-05-28T12-59-58-00-00_ccd-bench-selection_A5wvfVJzYVaujmfj3ajAXg.eval,mean,2182,2182,792269,123128,0,0.022002,input + output + reasoning tokens at OpenRouter metadata rates,
meta-llama/llama-3.3-70b-instruct,Llama,L/70B,2024-Q4,within-family scaling,UniMoral,unimoral_action_prediction,accuracy,0.6679189435336976,8784,1721258,562176,0.352022,0.1,0.32,,Benchmark-faithful task; paper model roster only partially available in current grid.,success,results/openrouter-selected-grid-moral-psych-full/logs/meta-llama__llama-3.3-70b-instruct/unimoral_action_prediction/2026-05-28T13-03-30-00-00_unimoral-action-prediction_PYa9WY4sBfcbE9HrWrXM9e.eval,accuracy,8784,8784,2312317,52636,0,0.248075,input + output + reasoning tokens at OpenRouter metadata rates,
meta-llama/llama-3.3-70b-instruct,Llama,L/70B,2024-Q4,within-family scaling,UniMoral,unimoral_moral_typology,accuracy,0.5990836197021764,3492,846863,1787904,0.656816,0.1,0.32,,"Benchmark-faithful task; paper reports weighted F1, so score scale differs unless post-processed.",success,results/openrouter-selected-grid-moral-psych-full/logs/meta-llama__llama-3.3-70b-instruct/unimoral_moral_typology/2026-05-28T13-09-34-00-00_unimoral-moral-typology_Lb68ZWbDeoVxh5gYhtLjE3.eval,accuracy,3492,3492,1096879,28024,0,0.118656,input + output + reasoning tokens at OpenRouter metadata rates,
meta-llama/llama-3.3-70b-instruct,Llama,L/70B,2024-Q4,within-family scaling,UniMoral,unimoral_factor_attribution,accuracy,0.634020618556701,3492,936335,1787904,0.665763,0.1,0.32,,"Benchmark-faithful task; paper reports weighted F1, so score scale differs unless post-processed.",success,results/openrouter-selected-grid-moral-psych-full/logs/meta-llama__llama-3.3-70b-instruct/unimoral_factor_attribution/2026-05-28T13-12-29-00-00_unimoral-factor-attribution_imRiubGCx4MTnpQ2ftPVqM.eval,accuracy,3492,3492,1190970,25483,0,0.127252,input + output + reasoning tokens at OpenRouter metadata rates,
meta-llama/llama-3.3-70b-instruct,Llama,L/70B,2024-Q4,within-family scaling,UniMoral,unimoral_consequence_generation,METEOR live scorer; BERTScore F1 is offline-only in the current release tooling,0.14135533039529066,1782,309888,912384,0.322952,0.1,0.32,,Benchmark-faithful prompt route; BERTScore requires the offline release metric pass.,success,results/openrouter-selected-grid-moral-psych-full/logs/meta-llama__llama-3.3-70b-instruct/unimoral_consequence_generation/2026-05-28T13-15-16-00-00_unimoral-consequence-generation_aPJPKH4DeYhWf4RqYos47a.eval,mean,1782,1782,420985,72535,0,0.065310,input + output + reasoning tokens at OpenRouter metadata rates,
meta-llama/llama-3.3-70b-instruct,Llama,L/70B,2024-Q4,within-family scaling,ValuePrism,value_prism_relevance,accuracy,0.7006868131868131,43680,1428299,1048320,0.478292,0.1,0.32,,Closest feasible prompt-classification route; not Kaleido model replication.,success,results/openrouter-selected-grid-moral-psych-full/logs/meta-llama__llama-3.3-70b-instruct/value_prism_relevance/2026-05-28T13-18-30-00-00_value-prism-relevance_jQBpVi2b2bKLYtsNSTAjQH.eval,accuracy,43680,43680,2234118,97307,0,0.254550,input + output + reasoning tokens at OpenRouter metadata rates,
meta-llama/llama-3.3-70b-instruct,Llama,L/70B,2024-Q4,within-family scaling,ValuePrism,value_prism_valence,accuracy,0.7467948717948718,21840,954173,698880,0.319059,0.1,0.32,,Closest feasible prompt-classification route; not Kaleido model replication.,success,results/openrouter-selected-grid-moral-psych-full/logs/meta-llama__llama-3.3-70b-instruct/value_prism_valence/2026-05-28T13-41-39-00-00_value-prism-valence_ZyLgvT5Fzp6sXNLnb5SERF.eval,accuracy,21840,21840,1359435,64056,0,0.156441,input + output + reasoning tokens at OpenRouter metadata rates,
meta-llama/llama-3.3-70b-instruct,Llama,L/70B,2024-Q4,within-family scaling,CCD-Bench,ccd_bench_selection,valid-choice coverage plus selected-cluster distribution; not accuracy,1.0,2182,761659,174560,0.132025,0.1,0.32,,"Benchmark-faithful route for choice behavior; compare cluster shares, not correctness.",success,results/openrouter-selected-grid-moral-psych-full/logs/meta-llama__llama-3.3-70b-instruct/ccd_bench_selection/2026-05-28T13-53-45-00-00_ccd-bench-selection_QBeMchSb5GsEu4Tvkwn4qi.eval,mean,2182,2182,798055,125322,0,0.119909,input + output + reasoning tokens at OpenRouter metadata rates,
qwen/qwen-2.5-7b-instruct,Qwen,S/7B,2024-Q4,time scaling,UniMoral,unimoral_action_prediction,accuracy,0.6349043715846995,8784,1721258,562176,0.125068,0.04,0.1,default /no_think prefix + reasoning.effort=none at run time,Benchmark-faithful task; paper model roster only partially available in current grid.,success,results/openrouter-selected-grid-moral-psych-full/logs/qwen__qwen-2.5-7b-instruct/unimoral_action_prediction/2026-05-28T13-58-13-00-00_unimoral-action-prediction_aebTCf5hbXZ7ekx9iYunjr.eval,accuracy,8784,8784,2874752,52704,0,0.120260,input + output + reasoning tokens at OpenRouter metadata rates,
qwen/qwen-2.5-7b-instruct,Qwen,S/7B,2024-Q4,time scaling,UniMoral,unimoral_moral_typology,accuracy,0.5555555555555556,3492,846863,1787904,0.212665,0.04,0.1,default /no_think prefix + reasoning.effort=none at run time,"Benchmark-faithful task; paper reports weighted F1, so score scale differs unless post-processed.",success,results/openrouter-selected-grid-moral-psych-full/logs/qwen__qwen-2.5-7b-instruct/unimoral_moral_typology/2026-05-28T14-11-37-00-00_unimoral-moral-typology_645NR4ToVroFS4ftEzdo2N.eval,accuracy,3492,3492,1328023,27664,0,0.055887,input + output + reasoning tokens at OpenRouter metadata rates,
qwen/qwen-2.5-7b-instruct,Qwen,S/7B,2024-Q4,time scaling,UniMoral,unimoral_factor_attribution,accuracy,0.5730240549828178,3492,936335,1787904,0.216244,0.04,0.1,default /no_think prefix + reasoning.effort=none at run time,"Benchmark-faithful task; paper reports weighted F1, so score scale differs unless post-processed.",success,results/openrouter-selected-grid-moral-psych-full/logs/qwen__qwen-2.5-7b-instruct/unimoral_factor_attribution/2026-05-28T14-16-31-00-00_unimoral-factor-attribution_YwS3KPLi9o7HPLufDjXo8r.eval,accuracy,3492,3492,1423879,22689,0,0.059224,input + output + reasoning tokens at OpenRouter metadata rates,
qwen/qwen-2.5-7b-instruct,Qwen,S/7B,2024-Q4,time scaling,UniMoral,unimoral_consequence_generation,METEOR live scorer; BERTScore F1 is offline-only in the current release tooling,0.12363962733422605,1782,309888,912384,0.103634,0.04,0.1,default /no_think prefix + reasoning.effort=none at run time,Benchmark-faithful prompt route; BERTScore requires the offline release metric pass.,success,results/openrouter-selected-grid-moral-psych-full/logs/qwen__qwen-2.5-7b-instruct/unimoral_consequence_generation/2026-05-28T14-21-43-00-00_unimoral-consequence-generation_aUcx2UrMQgHeroUL6QyJy7.eval,mean,1782,1782,525709,79502,0,0.028979,input + output + reasoning tokens at OpenRouter metadata rates,
qwen/qwen-2.5-7b-instruct,Qwen,S/7B,2024-Q4,time scaling,ValuePrism,value_prism_relevance,accuracy,0.6236034798534799,43680,1428299,1048320,0.161964,0.04,0.1,default /no_think prefix + reasoning.effort=none at run time,Closest feasible prompt-classification route; not Kaleido model replication.,success,results/openrouter-selected-grid-moral-psych-full/logs/qwen__qwen-2.5-7b-instruct/value_prism_relevance/2026-05-28T14-25-26-00-00_value-prism-relevance_hFsymng7hmJQgQCWEgMjcn.eval,accuracy,43680,43680,2892928,87360,0,0.124453,input + output + reasoning tokens at OpenRouter metadata rates,
qwen/qwen-2.5-7b-instruct,Qwen,S/7B,2024-Q4,time scaling,ValuePrism,value_prism_valence,accuracy,0.5231684981684982,21840,954173,698880,0.108055,0.04,0.1,default /no_think prefix + reasoning.effort=none at run time,Closest feasible prompt-classification route; not Kaleido model replication.,success,results/openrouter-selected-grid-moral-psych-full/logs/qwen__qwen-2.5-7b-instruct/value_prism_valence/2026-05-28T15-43-28-00-00_value-prism-valence_jkj6gNkb52D5h6m9m8PHy7.eval,accuracy,21840,21840,1677415,57198,0,0.072816,input + output + reasoning tokens at OpenRouter metadata rates,
qwen/qwen-2.5-7b-instruct,Qwen,S/7B,2024-Q4,time scaling,CCD-Bench,ccd_bench_selection,valid-choice coverage plus selected-cluster distribution; not accuracy,1.0,2182,761659,174560,0.047922,0.04,0.1,default /no_think prefix + reasoning.effort=none at run time,"Benchmark-faithful route for choice behavior; compare cluster shares, not correctness.",success,results/openrouter-selected-grid-moral-psych-full/logs/qwen__qwen-2.5-7b-instruct/ccd_bench_selection/2026-05-28T16-20-18-00-00_ccd-bench-selection_KJnsRmrNWnnNJxdbLPDFjT.eval,mean,2182,2182,844038,84294,0,0.042191,input + output + reasoning tokens at OpenRouter metadata rates,
qwen/qwen3.5-9b,Qwen,S/9B,2026-Q1,time scaling,UniMoral,unimoral_action_prediction,accuracy,0.6527777777777778,8784,1721258,562176,0.153177,0.04,0.15,default /no_think prefix + reasoning.effort=none at run time,Benchmark-faithful task; paper model roster only partially available in current grid.,success,results/openrouter-selected-grid-moral-psych-full/logs/qwen__qwen3.5-9b/unimoral_action_prediction/2026-05-28T16-25-31-00-00_unimoral-action-prediction_6DYGzyWDYjRo4UoGPTUHwt.eval,accuracy,8784,8784,2016810,52965,0,0.088617,input + output + reasoning tokens at OpenRouter metadata rates,
qwen/qwen3.5-9b,Qwen,S/9B,2026-Q1,time scaling,UniMoral,unimoral_moral_typology,accuracy,0.5979381443298969,3492,846863,1787904,0.302060,0.04,0.15,default /no_think prefix + reasoning.effort=none at run time,"Benchmark-faithful task; paper reports weighted F1, so score scale differs unless post-processed.",success,results/openrouter-selected-grid-moral-psych-full/logs/qwen__qwen3.5-9b/unimoral_moral_typology/2026-05-28T16-33-39-00-00_unimoral-moral-typology_StTrafJVevgT6AmyGmXc8E.eval,accuracy,3492,3492,1003324,29688,0,0.044586,input + output + reasoning tokens at OpenRouter metadata rates,
qwen/qwen3.5-9b,Qwen,S/9B,2026-Q1,time scaling,UniMoral,unimoral_factor_attribution,accuracy,0.5750286368843069,3492,936335,1787904,0.305639,0.04,0.15,default /no_think prefix + reasoning.effort=none at run time,"Benchmark-faithful task; paper reports weighted F1, so score scale differs unless post-processed.",success,results/openrouter-selected-grid-moral-psych-full/logs/qwen__qwen3.5-9b/unimoral_factor_attribution/2026-05-28T16-37-02-00-00_unimoral-factor-attribution_borXM45MyrGpHe7h3MJBL8.eval,accuracy,3492,3492,1101257,27978,0,0.048247,input + output + reasoning tokens at OpenRouter metadata rates,
qwen/qwen3.5-9b,Qwen,S/9B,2026-Q1,time scaling,UniMoral,unimoral_consequence_generation,METEOR live scorer; BERTScore F1 is offline-only in the current release tooling,0.09685970965247136,1782,309888,912384,0.149253,0.04,0.15,default /no_think prefix + reasoning.effort=none at run time,Benchmark-faithful prompt route; BERTScore requires the offline release metric pass.,success,results/openrouter-selected-grid-moral-psych-full/logs/qwen__qwen3.5-9b/unimoral_consequence_generation/2026-05-28T16-39-43-00-00_unimoral-consequence-generation_G4sWiXpnd4Z4i8durqrMsz.eval,mean,1782,1782,382361,62786,0,0.024712,input + output + reasoning tokens at OpenRouter metadata rates,
qwen/qwen3.5-9b,Qwen,S/9B,2026-Q1,time scaling,ValuePrism,value_prism_relevance,accuracy,0.6730998168498169,43680,1428299,1048320,0.214380,0.04,0.15,default /no_think prefix + reasoning.effort=none at run time,Closest feasible prompt-classification route; not Kaleido model replication.,success,results/openrouter-selected-grid-moral-psych-full/logs/qwen__qwen3.5-9b/value_prism_relevance/2026-05-28T16-42-05-00-00_value-prism-relevance_nha6HRhfRhP9gDQCnCLzAd.eval,accuracy,43680,43680,2183509,87451,0,0.100458,input + output + reasoning tokens at OpenRouter metadata rates,
qwen/qwen3.5-9b,Qwen,S/9B,2026-Q1,time scaling,ValuePrism,value_prism_valence,accuracy,0.7100274725274726,21840,954173,698880,0.142999,0.04,0.15,default /no_think prefix + reasoning.effort=none at run time,Closest feasible prompt-classification route; not Kaleido model replication.,success,results/openrouter-selected-grid-moral-psych-full/logs/qwen__qwen3.5-9b/value_prism_valence/2026-05-28T17-20-08-00-00_value-prism-valence_Xuum2B29F5gMkr3u8327gU.eval,accuracy,21840,21840,1331781,70670,0,0.063872,input + output + reasoning tokens at OpenRouter metadata rates,
qwen/qwen3.5-9b,Qwen,S/9B,2026-Q1,time scaling,CCD-Bench,ccd_bench_selection,valid-choice coverage plus selected-cluster distribution; not accuracy,1.0,2182,761659,174560,0.056650,0.04,0.15,default /no_think prefix + reasoning.effort=none at run time,"Benchmark-faithful route for choice behavior; compare cluster shares, not correctness.",success,results/openrouter-selected-grid-moral-psych-full/logs/qwen__qwen3.5-9b/ccd_bench_selection/2026-05-28T17-32-31-00-00_ccd-bench-selection_5cN6KUCRYGuDJP8xm2HkWf.eval,mean,2182,2182,840317,98405,0,0.048373,input + output + reasoning tokens at OpenRouter metadata rates,
google/gemma-2-27b-it,Gemma,L/27B,2024-Q3,time scaling,UniMoral,unimoral_action_prediction,accuracy,0.07627504553734062,8784,1721258,562176,1.484232,0.65,0.65,,Benchmark-faithful task; paper model roster only partially available in current grid.,success,results/openrouter-selected-grid-moral-psych-full/logs/google__gemma-2-27b-it/unimoral_action_prediction/2026-05-28T17-35-53-00-00_unimoral-action-prediction_LsP4pqFrM7YdGEs28vtj6u.eval,accuracy,8784,8784,1841955,105598,0,1.265909,input + output + reasoning tokens at OpenRouter metadata rates,
google/gemma-2-27b-it,Gemma,L/27B,2024-Q3,time scaling,UniMoral,unimoral_moral_typology,accuracy,0.6199885452462772,3492,846863,1787904,1.712599,0.65,0.65,,"Benchmark-faithful task; paper reports weighted F1, so score scale differs unless post-processed.",success,results/openrouter-selected-grid-moral-psych-full/logs/google__gemma-2-27b-it/unimoral_moral_typology/2026-05-28T17-46-11-00-00_unimoral-moral-typology_jkCG9bnqxFPdLvNs72NSje.eval,accuracy,3492,3492,883433,43052,0,0.602215,input + output + reasoning tokens at OpenRouter metadata rates,
google/gemma-2-27b-it,Gemma,L/27B,2024-Q3,time scaling,UniMoral,unimoral_factor_attribution,accuracy,0.6368843069873997,3492,936335,1787904,1.770755,0.65,0.65,,"Benchmark-faithful task; paper reports weighted F1, so score scale differs unless post-processed.",success,results/openrouter-selected-grid-moral-psych-full/logs/google__gemma-2-27b-it/unimoral_factor_attribution/2026-05-28T17-50-59-00-00_unimoral-factor-attribution_5HnPr27vQeBKPL6Mc6LfkT.eval,accuracy,3492,3492,957758,38836,0,0.647786,input + output + reasoning tokens at OpenRouter metadata rates,
google/gemma-2-27b-it,Gemma,L/27B,2024-Q3,time scaling,UniMoral,unimoral_consequence_generation,METEOR live scorer; BERTScore F1 is offline-only in the current release tooling,0.05801749804410513,1782,309888,912384,0.794477,0.65,0.65,,Benchmark-faithful prompt route; BERTScore requires the offline release metric pass.,success,results/openrouter-selected-grid-moral-psych-full/logs/google__gemma-2-27b-it/unimoral_consequence_generation/2026-05-28T17-55-48-00-00_unimoral-consequence-generation_A4BTpLfMUFie77swQWBPGZ.eval,mean,1782,1782,333875,56570,0,0.253789,input + output + reasoning tokens at OpenRouter metadata rates,
google/gemma-2-27b-it,Gemma,L/27B,2024-Q3,time scaling,ValuePrism,value_prism_relevance,accuracy,,43680,1428299,1048320,1.609802,0.65,0.65,,Closest feasible prompt-classification route; not Kaleido model replication.,error,results/openrouter-selected-grid-moral-psych-full/logs/google__gemma-2-27b-it/value_prism_relevance/2026-05-28T18-00-32-00-00_value-prism-relevance_UCTNFFvfDnifY9dfDyZ4aq.eval,,,,764931,94123,0,0.558385,input + output + reasoning tokens at OpenRouter metadata rates,subprocess exited 2; see eval log
google/gemma-2-27b-it,Gemma,L/27B,2024-Q3,time scaling,ValuePrism,value_prism_valence,accuracy,,21840,954173,698880,1.074484,0.65,0.65,,Closest feasible prompt-classification route; not Kaleido model replication.,error,results/openrouter-selected-grid-moral-psych-full/logs/google__gemma-2-27b-it/value_prism_valence/2026-05-28T18-16-22-00-00_value-prism-valence_TV3eYMpJgSEzxTGLosLzNa.eval,,,,97945,34716,0,0.086230,input + output + reasoning tokens at OpenRouter metadata rates,subprocess exited 2; see eval log
google/gemma-2-27b-it,Gemma,L/27B,2024-Q3,time scaling,CCD-Bench,ccd_bench_selection,valid-choice coverage plus selected-cluster distribution; not accuracy,,2182,761659,174560,0.608542,0.65,0.65,,"Benchmark-faithful route for choice behavior; compare cluster shares, not correctness.",error,results/openrouter-selected-grid-moral-psych-full/logs/google__gemma-2-27b-it/ccd_bench_selection/2026-07-06T19-25-18-00-00_ccd-bench-selection_cteQsfCbpMeivCBg2QZiy2.eval,,,,630499,70747,0,0.455810,input + output + reasoning tokens at OpenRouter metadata rates,subprocess exited 2; OpenRouter returned 402 insufficient credits after partial progress; see eval log
google/gemma-4-31b-it,Gemma,L/31B,2026-Q1,time scaling,UniMoral,unimoral_action_prediction,accuracy,,8784,1721258,562176,0.414556,0.12,0.37,,Benchmark-faithful task; paper model roster only partially available in current grid.,error,results/openrouter-selected-grid-moral-psych-full/logs/google__gemma-4-31b-it/unimoral_action_prediction/2026-07-06T19-25-20-00-00_unimoral-action-prediction_JTTB7Q8eSPMYY2mmpi23DR.eval,,,,388514,12487,3226,0.052435,input + output + reasoning tokens at OpenRouter metadata rates,subprocess exited 2; OpenRouter returned 402 insufficient credits after partial progress; see eval log
google/gemma-4-31b-it,Gemma,L/31B,2026-Q1,time scaling,UniMoral,unimoral_moral_typology,accuracy,,3492,846863,1787904,0.763148,0.12,0.37,,"Benchmark-faithful task; paper reports weighted F1, so score scale differs unless post-processed.",error,results/openrouter-selected-grid-moral-psych-full/logs/google__gemma-4-31b-it/unimoral_moral_typology/2026-07-06T19-25-19-00-00_unimoral-moral-typology_V5VEwDjn7PnaKKwuPJxyRa.eval,,,,394034,16866,0,0.053525,input + output + reasoning tokens at OpenRouter metadata rates,subprocess exited 2; OpenRouter returned 402 insufficient credits after partial progress; see eval log
google/gemma-4-31b-it,Gemma,L/31B,2026-Q1,time scaling,UniMoral,unimoral_factor_attribution,accuracy,,3492,936335,1787904,0.773885,0.12,0.37,,"Benchmark-faithful task; paper reports weighted F1, so score scale differs unless post-processed.",error,results/openrouter-selected-grid-moral-psych-full/logs/google__gemma-4-31b-it/unimoral_factor_attribution/2026-07-06T19-25-19-00-00_unimoral-factor-attribution_8vNrETBRktd6BwBfBQfK2T.eval,,,,482037,12998,154,0.062711,input + output + reasoning tokens at OpenRouter metadata rates,subprocess exited 2; OpenRouter returned 402 insufficient credits after partial progress; see eval log
google/gemma-4-31b-it,Gemma,L/31B,2026-Q1,time scaling,UniMoral,unimoral_consequence_generation,METEOR live scorer; BERTScore F1 is offline-only in the current release tooling,,1782,309888,912384,0.374769,0.12,0.37,,Benchmark-faithful prompt route; BERTScore requires the offline release metric pass.,error,results/openrouter-selected-grid-moral-psych-full/logs/google__gemma-4-31b-it/unimoral_consequence_generation/2026-07-06T19-25-19-00-00_unimoral-consequence-generation_UwExntHjymamt6xXhNWaZQ.eval,,,,191786,35446,3023,0.037248,input + output + reasoning tokens at OpenRouter metadata rates,subprocess exited 2; OpenRouter returned 402 insufficient credits after partial progress; see eval log
google/gemma-4-31b-it,Gemma,L/31B,2026-Q1,time scaling,ValuePrism,value_prism_relevance,accuracy,,43680,1428299,1048320,0.559274,0.12,0.37,,Closest feasible prompt-classification route; not Kaleido model replication.,error,results/openrouter-selected-grid-moral-psych-full/logs/google__gemma-4-31b-it/value_prism_relevance/2026-05-28T18-28-20-00-00_value-prism-relevance_FiSe6i3u2zVDT8HWfM5wwv.eval,,,,3658,148,0,0.000494,input + output + reasoning tokens at OpenRouter metadata rates,subprocess exited 2; see eval log
google/gemma-4-31b-it,Gemma,L/31B,2026-Q1,time scaling,ValuePrism,value_prism_valence,accuracy,,21840,954173,698880,0.373086,0.12,0.37,,Closest feasible prompt-classification route; not Kaleido model replication.,error,results/openrouter-selected-grid-moral-psych-full/logs/google__gemma-4-31b-it/value_prism_valence/2026-05-28T18-28-49-00-00_value-prism-valence_7cYCKqwM6w4m4djuz5j9pD.eval,,,,3044,119,0,0.000409,input + output + reasoning tokens at OpenRouter metadata rates,subprocess exited 2; see eval log
google/gemma-4-31b-it,Gemma,L/31B,2026-Q1,time scaling,CCD-Bench,ccd_bench_selection,valid-choice coverage plus selected-cluster distribution; not accuracy,,2182,761659,174560,0.155986,0.12,0.37,,"Benchmark-faithful route for choice behavior; compare cluster shares, not correctness.",error,results/openrouter-selected-grid-moral-psych-full/logs/google__gemma-4-31b-it/ccd_bench_selection/2026-07-06T19-25-18-00-00_ccd-bench-selection_4oXSapAQFyEj3a5JHZcdU8.eval,,,,16070,1727,0,0.002567,input + output + reasoning tokens at OpenRouter metadata rates,subprocess exited 2; provider route error after partial progress; see eval log
deepseek/deepseek-chat-v3-0324,DeepSeek,chat/V3,2025-Q1,time scaling,UniMoral,unimoral_action_prediction,accuracy,0.45275500910746813,8784,1721258,562176,0.777127,0.2,0.77,default /no_think prefix + reasoning.effort=none at run time,Benchmark-faithful task; paper model roster only partially available in current grid.,success,results/openrouter-selected-grid-moral-psych-full/logs/deepseek__deepseek-chat-v3-0324/unimoral_action_prediction/2026-05-28T18-29-53-00-00_unimoral-action-prediction_YAHH59Cp42j5tfJJhiWmYi.eval,accuracy,8784,8784,1949847,54110,0,0.431634,input + output + reasoning tokens at OpenRouter metadata rates,
deepseek/deepseek-chat-v3-0324,DeepSeek,chat/V3,2025-Q1,time scaling,UniMoral,unimoral_moral_typology,accuracy,0.5821878579610539,3492,846863,1787904,1.546059,0.2,0.77,default /no_think prefix + reasoning.effort=none at run time,"Benchmark-faithful task; paper reports weighted F1, so score scale differs unless post-processed.",success,results/openrouter-selected-grid-moral-psych-full/logs/deepseek__deepseek-chat-v3-0324/unimoral_moral_typology/2026-05-28T18-41-20-00-00_unimoral-moral-typology_hWGmU3oveZ4TRDsjdswzU3.eval,accuracy,3492,3492,949574,29775,0,0.212842,input + output + reasoning tokens at OpenRouter metadata rates,
deepseek/deepseek-chat-v3-0324,DeepSeek,chat/V3,2025-Q1,time scaling,UniMoral,unimoral_factor_attribution,accuracy,0.6291523482245132,3492,936335,1787904,1.563953,0.2,0.77,default /no_think prefix + reasoning.effort=none at run time,"Benchmark-faithful task; paper reports weighted F1, so score scale differs unless post-processed.",success,results/openrouter-selected-grid-moral-psych-full/logs/deepseek__deepseek-chat-v3-0324/unimoral_factor_attribution/2026-05-28T18-45-57-00-00_unimoral-factor-attribution_LNoHoUhMBRCF9xHEDBtQXu.eval,accuracy,3492,3492,1026754,25261,0,0.224802,input + output + reasoning tokens at OpenRouter metadata rates,
deepseek/deepseek-chat-v3-0324,DeepSeek,chat/V3,2025-Q1,time scaling,UniMoral,unimoral_consequence_generation,METEOR live scorer; BERTScore F1 is offline-only in the current release tooling,0.11953149113252061,1782,309888,912384,0.764513,0.2,0.77,default /no_think prefix + reasoning.effort=none at run time,Benchmark-faithful prompt route; BERTScore requires the offline release metric pass.,success,results/openrouter-selected-grid-moral-psych-full/logs/deepseek__deepseek-chat-v3-0324/unimoral_consequence_generation/2026-05-28T18-51-25-00-00_unimoral-consequence-generation_QiFdQZT2amuisbxw6a5dkn.eval,mean,1782,1782,362663,64909,0,0.122513,input + output + reasoning tokens at OpenRouter metadata rates,
deepseek/deepseek-chat-v3-0324,DeepSeek,chat/V3,2025-Q1,time scaling,ValuePrism,value_prism_relevance,accuracy,0.6530448717948718,43680,1428299,1048320,1.092866,0.2,0.77,default /no_think prefix + reasoning.effort=none at run time,Closest feasible prompt-classification route; not Kaleido model replication.,success,results/openrouter-selected-grid-moral-psych-full/logs/deepseek__deepseek-chat-v3-0324/value_prism_relevance/2026-05-28T18-56-38-00-00_value-prism-relevance_YLBgfY4dRerMMYYyr8wPXv.eval,accuracy,43680,43680,1547089,63750,0,0.358505,input + output + reasoning tokens at OpenRouter metadata rates,
deepseek/deepseek-chat-v3-0324,DeepSeek,chat/V3,2025-Q1,time scaling,ValuePrism,value_prism_valence,accuracy,0.688507326007326,21840,954173,698880,0.728972,0.2,0.77,default /no_think prefix + reasoning.effort=none at run time,Closest feasible prompt-classification route; not Kaleido model replication.,success,results/openrouter-selected-grid-moral-psych-full/logs/deepseek__deepseek-chat-v3-0324/value_prism_valence/2026-05-28T19-56-47-00-00_value-prism-valence_DddtdCyRVu3MdEXthbWJZP.eval,accuracy,21840,21840,1045183,276341,0,0.421819,input + output + reasoning tokens at OpenRouter metadata rates,
deepseek/deepseek-chat-v3-0324,DeepSeek,chat/V3,2025-Q1,time scaling,CCD-Bench,ccd_bench_selection,valid-choice coverage plus selected-cluster distribution; not accuracy,1.0,2182,761659,174560,0.286743,0.2,0.77,default /no_think prefix + reasoning.effort=none at run time,"Benchmark-faithful route for choice behavior; compare cluster shares, not correctness.",success,results/openrouter-selected-grid-moral-psych-full/logs/deepseek__deepseek-chat-v3-0324/ccd_bench_selection/2026-05-28T20-36-15-00-00_ccd-bench-selection_ctKfnVJzzn28GEia4BwD2f.eval,mean,2182,2182,657349,219810,0,0.300724,input + output + reasoning tokens at OpenRouter metadata rates,
deepseek/deepseek-chat-v3.1,DeepSeek,chat/V3.1,2025-Q3,time scaling,UniMoral,unimoral_action_prediction,accuracy,0.660063752276867,8784,1721258,562176,0.805583,0.21,0.79,default /no_think prefix + reasoning.effort=none at run time,Benchmark-faithful task; paper model roster only partially available in current grid.,success,results/openrouter-selected-grid-moral-psych-full/logs/deepseek__deepseek-chat-v3.1/unimoral_action_prediction/2026-05-28T20-44-32-00-00_unimoral-action-prediction_isvfhwxo3Vt4rK8ee6iUuh.eval,accuracy,8784,8784,2164427,49902,0,0.493952,input + output + reasoning tokens at OpenRouter metadata rates,
deepseek/deepseek-chat-v3.1,DeepSeek,chat/V3.1,2025-Q3,time scaling,UniMoral,unimoral_moral_typology,accuracy,0.5664375715922108,3492,846863,1787904,1.590285,0.21,0.79,default /no_think prefix + reasoning.effort=none at run time,"Benchmark-faithful task; paper reports weighted F1, so score scale differs unless post-processed.",success,results/openrouter-selected-grid-moral-psych-full/logs/deepseek__deepseek-chat-v3.1/unimoral_moral_typology/2026-05-28T21-02-38-00-00_unimoral-moral-typology_AjtRry3hnEuStuswHxA7vu.eval,accuracy,3492,3492,1041644,26448,0,0.239639,input + output + reasoning tokens at OpenRouter metadata rates,
deepseek/deepseek-chat-v3.1,DeepSeek,chat/V3.1,2025-Q3,time scaling,UniMoral,unimoral_factor_attribution,accuracy,0.5985108820160366,3492,936335,1787904,1.609075,0.21,0.79,default /no_think prefix + reasoning.effort=none at run time,"Benchmark-faithful task; paper reports weighted F1, so score scale differs unless post-processed.",success,results/openrouter-selected-grid-moral-psych-full/logs/deepseek__deepseek-chat-v3.1/unimoral_factor_attribution/2026-05-28T21-07-13-00-00_unimoral-factor-attribution_AmCgkLmF4DXGUgb6P6qtn3.eval,accuracy,3492,3492,1123693,19883,0,0.251683,input + output + reasoning tokens at OpenRouter metadata rates,
deepseek/deepseek-chat-v3.1,DeepSeek,chat/V3.1,2025-Q3,time scaling,UniMoral,unimoral_consequence_generation,METEOR live scorer; BERTScore F1 is offline-only in the current release tooling,0.10097248405283127,1782,309888,912384,0.785860,0.21,0.79,default /no_think prefix + reasoning.effort=none at run time,Benchmark-faithful prompt route; BERTScore requires the offline release metric pass.,success,results/openrouter-selected-grid-moral-psych-full/logs/deepseek__deepseek-chat-v3.1/unimoral_consequence_generation/2026-05-28T21-11-44-00-00_unimoral-consequence-generation_babZoVqc83KA3P5eG6cX4L.eval,mean,1782,1782,391327,80282,0,0.145601,input + output + reasoning tokens at OpenRouter metadata rates,
deepseek/deepseek-chat-v3.1,DeepSeek,chat/V3.1,2025-Q3,time scaling,ValuePrism,value_prism_relevance,accuracy,0.6805631868131868,43680,1428299,1048320,1.128116,0.21,0.79,default /no_think prefix + reasoning.effort=none at run time,Closest feasible prompt-classification route; not Kaleido model replication.,success,results/openrouter-selected-grid-moral-psych-full/logs/deepseek__deepseek-chat-v3.1/value_prism_relevance/2026-05-28T21-16-05-00-00_value-prism-relevance_kgiqysfHum76day4VAac58.eval,accuracy,43680,43680,1853088,73089,0,0.446889,input + output + reasoning tokens at OpenRouter metadata rates,
deepseek/deepseek-chat-v3.1,DeepSeek,chat/V3.1,2025-Q3,time scaling,ValuePrism,value_prism_valence,accuracy,0.5831959706959707,21840,954173,698880,0.752492,0.21,0.79,default /no_think prefix + reasoning.effort=none at run time,Closest feasible prompt-classification route; not Kaleido model replication.,success,results/openrouter-selected-grid-moral-psych-full/logs/deepseek__deepseek-chat-v3.1/value_prism_valence/2026-05-28T22-08-57-00-00_value-prism-valence_d9vW9m6ewJ3fk5hkUVC5Hu.eval,accuracy,21840,21840,1173655,55132,0,0.290022,input + output + reasoning tokens at OpenRouter metadata rates,
deepseek/deepseek-chat-v3.1,DeepSeek,chat/V3.1,2025-Q3,time scaling,CCD-Bench,ccd_bench_selection,valid-choice coverage plus selected-cluster distribution; not accuracy,1.0,2182,761659,174560,0.297851,0.21,0.79,default /no_think prefix + reasoning.effort=none at run time,"Benchmark-faithful route for choice behavior; compare cluster shares, not correctness.",success,results/openrouter-selected-grid-moral-psych-full/logs/deepseek__deepseek-chat-v3.1/ccd_bench_selection/2026-05-28T22-34-51-00-00_ccd-bench-selection_m94Bd6Prm3ARXDYXb833u3.eval,mean,2182,2182,760065,102439,0,0.240540,input + output + reasoning tokens at OpenRouter metadata rates,
deepseek/deepseek-v3.2,DeepSeek,chat/V3.2,2025-Q4,time scaling,UniMoral,unimoral_action_prediction,accuracy,0.6456056466302368,8784,1721258,562176,0.646260,0.252,0.378,default /no_think prefix + reasoning.effort=none at run time,Benchmark-faithful task; paper model roster only partially available in current grid.,success,results/openrouter-selected-grid-moral-psych-full/logs/deepseek__deepseek-v3.2/unimoral_action_prediction/2026-05-28T22-40-41-00-00_unimoral-action-prediction_mkR7v8rM56yvMhdESyrqeo.eval,accuracy,8784,8784,1867611,49688,0,0.489420,input + output + reasoning tokens at OpenRouter metadata rates,
deepseek/deepseek-v3.2,DeepSeek,chat/V3.2,2025-Q4,time scaling,UniMoral,unimoral_moral_typology,accuracy,0.5693012600229095,3492,846863,1787904,0.889237,0.252,0.378,default /no_think prefix + reasoning.effort=none at run time,"Benchmark-faithful task; paper reports weighted F1, so score scale differs unless post-processed.",success,results/openrouter-selected-grid-moral-psych-full/logs/deepseek__deepseek-v3.2/unimoral_moral_typology/2026-05-28T22-55-47-00-00_unimoral-moral-typology_MHXrR5L2x2LRJSabXqnpL8.eval,accuracy,3492,3492,888759,26298,0,0.233908,input + output + reasoning tokens at OpenRouter metadata rates,
deepseek/deepseek-v3.2,DeepSeek,chat/V3.2,2025-Q4,time scaling,UniMoral,unimoral_factor_attribution,accuracy,0.5922107674684994,3492,936335,1787904,0.911784,0.252,0.378,default /no_think prefix + reasoning.effort=none at run time,"Benchmark-faithful task; paper reports weighted F1, so score scale differs unless post-processed.",success,results/openrouter-selected-grid-moral-psych-full/logs/deepseek__deepseek-v3.2/unimoral_factor_attribution/2026-05-28T23-03-28-00-00_unimoral-factor-attribution_cCYTRRM46QpvJnc5Lkw3qu.eval,accuracy,3492,3492,967077,19732,0,0.251162,input + output + reasoning tokens at OpenRouter metadata rates,
deepseek/deepseek-v3.2,DeepSeek,chat/V3.2,2025-Q4,time scaling,UniMoral,unimoral_consequence_generation,METEOR live scorer; BERTScore F1 is offline-only in the current release tooling,0.11828884905853221,1782,309888,912384,0.422973,0.252,0.378,default /no_think prefix + reasoning.effort=none at run time,Benchmark-faithful prompt route; BERTScore requires the offline release metric pass.,success,results/openrouter-selected-grid-moral-psych-full/logs/deepseek__deepseek-v3.2/unimoral_consequence_generation/2026-05-28T23-11-51-00-00_unimoral-consequence-generation_EtEaQ3vNF64hpo5UUUxReJ.eval,mean,1782,1782,343311,85074,0,0.118672,input + output + reasoning tokens at OpenRouter metadata rates,
deepseek/deepseek-v3.2,DeepSeek,chat/V3.2,2025-Q4,time scaling,ValuePrism,value_prism_relevance,accuracy,0.6750228937728938,43680,1428299,1048320,0.756196,0.252,0.378,default /no_think prefix + reasoning.effort=none at run time,Closest feasible prompt-classification route; not Kaleido model replication.,success,results/openrouter-selected-grid-moral-psych-full/logs/deepseek__deepseek-v3.2/value_prism_relevance/2026-05-28T23-22-15-00-00_value-prism-relevance_dizVhLSeopMQagQmu9Gw87.eval,accuracy,43680,43680,1794687,67191,0,0.477659,input + output + reasoning tokens at OpenRouter metadata rates,
deepseek/deepseek-v3.2,DeepSeek,chat/V3.2,2025-Q4,time scaling,ValuePrism,value_prism_valence,accuracy,0.5350274725274725,21840,954173,698880,0.504628,0.252,0.378,default /no_think prefix + reasoning.effort=none at run time,Closest feasible prompt-classification route; not Kaleido model replication.,success,results/openrouter-selected-grid-moral-psych-full/logs/deepseek__deepseek-v3.2/value_prism_valence/2026-05-29T00-56-10-00-00_value-prism-valence_R2SmyPiWKkmz4PM5BjegLx.eval,accuracy,21840,21840,1175032,51120,0,0.315431,input + output + reasoning tokens at OpenRouter metadata rates,
deepseek/deepseek-v3.2,DeepSeek,chat/V3.2,2025-Q4,time scaling,CCD-Bench,ccd_bench_selection,valid-choice coverage plus selected-cluster distribution; not accuracy,0.9963336388634281,2182,761659,174560,0.257922,0.252,0.378,default /no_think prefix + reasoning.effort=none at run time,"Benchmark-faithful route for choice behavior; compare cluster shares, not correctness.",success,results/openrouter-selected-grid-moral-psych-full/logs/deepseek__deepseek-v3.2/ccd_bench_selection/2026-05-29T01-37-38-00-00_ccd-bench-selection_FopSuzvTxvinxiZ6xWeWkP.eval,mean,2182,2182,736560,98915,0,0.223003,input + output + reasoning tokens at OpenRouter metadata rates,
deepseek/deepseek-v4-flash,DeepSeek,flash/V4,2026-Q2,time scaling,UniMoral,unimoral_action_prediction,accuracy,0.639344262295082,8784,1721258,562176,0.284561,0.1,0.2,default /no_think prefix + reasoning.effort=none at run time,Benchmark-faithful task; paper model roster only partially available in current grid.,success,results/openrouter-selected-grid-moral-psych-full/logs/deepseek__deepseek-v4-flash/unimoral_action_prediction/2026-05-29T01-44-40-00-00_unimoral-action-prediction_5XbokzaVqDmK2BD5ocNNjp.eval,accuracy,8784,8784,1988023,291940,244160,0.306022,input + output + reasoning tokens at OpenRouter metadata rates,
deepseek/deepseek-v4-flash,DeepSeek,flash/V4,2026-Q2,time scaling,UniMoral,unimoral_moral_typology,accuracy,0.5790378006872853,3492,846863,1787904,0.442267,0.1,0.2,default /no_think prefix + reasoning.effort=none at run time,"Benchmark-faithful task; paper reports weighted F1, so score scale differs unless post-processed.",success,results/openrouter-selected-grid-moral-psych-full/logs/deepseek__deepseek-v4-flash/unimoral_moral_typology/2026-05-29T02-04-52-00-00_unimoral-moral-typology_X7DFWnHWNJZ9FtHnPWLbvR.eval,accuracy,3492,3492,985630,204251,174493,0.174312,input + output + reasoning tokens at OpenRouter metadata rates,
deepseek/deepseek-v4-flash,DeepSeek,flash/V4,2026-Q2,time scaling,UniMoral,unimoral_factor_attribution,accuracy,0.5916380297823597,3492,936335,1787904,0.451214,0.1,0.2,default /no_think prefix + reasoning.effort=none at run time,"Benchmark-faithful task; paper reports weighted F1, so score scale differs unless post-processed.",success,results/openrouter-selected-grid-moral-psych-full/logs/deepseek__deepseek-v4-flash/unimoral_factor_attribution/2026-05-29T02-13-54-00-00_unimoral-factor-attribution_PnYv3jDW4rLTDW27hcWeCR.eval,accuracy,3492,3492,1064330,119882,93589,0.149127,input + output + reasoning tokens at OpenRouter metadata rates,
deepseek/deepseek-v4-flash,DeepSeek,flash/V4,2026-Q2,time scaling,UniMoral,unimoral_consequence_generation,METEOR live scorer; BERTScore F1 is offline-only in the current release tooling,0.1385167738629878,1782,309888,912384,0.213466,0.1,0.2,default /no_think prefix + reasoning.effort=none at run time,Benchmark-faithful prompt route; BERTScore requires the offline release metric pass.,success,results/openrouter-selected-grid-moral-psych-full/logs/deepseek__deepseek-v4-flash/unimoral_consequence_generation/2026-05-29T02-22-17-00-00_unimoral-consequence-generation_P2VrCEMv2krkCYACDM55b7.eval,mean,1782,1782,383393,120970,35201,0.069574,input + output + reasoning tokens at OpenRouter metadata rates,
deepseek/deepseek-v4-flash,DeepSeek,flash/V4,2026-Q2,time scaling,ValuePrism,value_prism_relevance,accuracy,,43680,1428299,1048320,0.352494,0.1,0.2,default /no_think prefix + reasoning.effort=none at run time,Closest feasible prompt-classification route; not Kaleido model replication.,cancelled,results/openrouter-selected-grid-moral-psych-full/logs/deepseek__deepseek-v4-flash/value_prism_relevance/2026-05-29T02-27-24-00-00_value-prism-relevance_ZcmtzPZgJD6FdBguvKEgxM.eval,,,,478902,175574,154983,0.114002,input + output + reasoning tokens at OpenRouter metadata rates,subprocess exited 2; see eval log
deepseek/deepseek-v4-flash,DeepSeek,flash/V4,2026-Q2,time scaling,ValuePrism,value_prism_valence,accuracy,0.6266483516483516,21840,954173,698880,0.235193,0.1,0.2,default /no_think prefix + reasoning.effort=none at run time,Closest feasible prompt-classification route; not Kaleido model replication.,success,results/openrouter-selected-grid-moral-psych-full/logs/deepseek__deepseek-v4-flash/value_prism_valence/2026-05-29T05-43-30-00-00_value-prism-valence_kupJ9P8pzj5pUJRJv44oEh.eval,accuracy,21840,21840,1138795,434872,376449,0.276144,input + output + reasoning tokens at OpenRouter metadata rates,
deepseek/deepseek-v4-flash,DeepSeek,flash/V4,2026-Q2,time scaling,CCD-Bench,ccd_bench_selection,valid-choice coverage plus selected-cluster distribution; not accuracy,1.0,2182,761659,174560,0.111078,0.1,0.2,default /no_think prefix + reasoning.effort=none at run time,"Benchmark-faithful route for choice behavior; compare cluster shares, not correctness.",success,results/openrouter-selected-grid-moral-psych-full/logs/deepseek__deepseek-v4-flash/ccd_bench_selection/2026-05-29T06-21-42-00-00_ccd-bench-selection_Wai3tqWx3L2FTDSrMmBEnQ.eval,mean,2182,2182,772646,193712,92314,0.134470,input + output + reasoning tokens at OpenRouter metadata rates,
